[
  {
    "date": "2025-01-21T17:02:21.535Z",
    "ip": "::1",
    "url": "/byeeeee",
    "protocol": "http",
    "method": "GET",
    "hostname": "localhost"
  },
  {
    "date": "2025-01-21T17:03:46.655Z",
    "ip": "::1",
    "url": "/byeeeee",
    "protocol": "http",
    "method": "GET",
    "hostname": "localhost"
  },
  {
    "date": "2025-01-21T17:22:28.016Z",
    "ip": "::1",
    "url": "/byeeeee",
    "protocol": "http",
    "method": "GET",
    "hostname": "localhost"
  },
  {
    "date": "2025-01-21T17:22:29.281Z",
    "ip": "::1",
    "url": "/byeeeee",
    "protocol": "http",
    "method": "GET",
    "hostname": "localhost"
  },
  {
    "date": "2025-01-21T17:22:34.585Z",
    "ip": "::1",
    "url": "/byeeeee",
    "protocol": "http",
    "method": "GET",
    "hostname": "localhost"
  },
  {
    "date": "2025-01-21T17:22:42.264Z",
    "ip": "::1",
    "url": "/byeeeee",
    "protocol": "http",
    "method": "GET",
    "hostname": "localhost"
  }
]
